<?xml version="1.0" encoding="UTF-8" ?>
<?xml-stylesheet type="text/xsl" href="exo2.xsl"?>
<breakfast_menu>
    <food>
        <name>Belgian Waffles</name>
        <price>$5.95</price>
        <description>two of our famous Belgian Waffles with plenty of real maple syrup</description>
        <calories>650</calories>
    </food>
    <food>
        <name>Strawberry Belgian Waffles</name>
        <description>light Belgian waffles covered with strawberries and whipped cream</description>
        <price>$7.95</price>
        <calories>900</calories>
    </food>
    <food>
        <name>Berry-Berry Belgian Waffles</name>
        <price>$8.95</price>
        <description>light Belgian waffles covered with an assortment of fresh berries and whipped cream</description>
    </food>
</breakfast_menu>
